{
  "male": {
    "vegetables": {
      "Upper 2.5 percentile": [
        430.69354,
        423.44913,
        360.79575,
        481.29258,
        449.03658
      ],
      "Mean": [
        162.27951,
        170.2089,
        165.22481,
        194.94672,
        203.5966
      ],
      "Median": [
        141.97455,
        161.71914,
        153.6905,
        177.63309,
        171.36988
      ],
      "SE": [
        13.75409,
        10.91827,
        8.36063,
        10.02962,
        8.37625
      ],
      "Lower 2.5 percentile": [
        10.07855,
        5.98543,
        26.18297,
        44.19331,
        40.18043
      ]
    },
    "alcohol": {
      "Upper 2.5 percentile": [
        162.38255,
        59.93059,
        68.75,
        89.17599,
        96.91417
      ],
      "Mean": [
        22.34927,
        9.73209,
        17.14376,
        18.60421,
        24.98266
      ],
      "Median": [
        4.51336,
        0.0,
        9.69626,
        10.92643,
        17.38332
      ],
      "SE": [
        3.94074,
        1.61468,
        2.07146,
        2.17936,
        2.34106
      ],
      "Lower 2.5 percentile": [
        0.0,
        0.0,
        0.0,
        0.0,
        0.0
      ]
    },
    "fish": {
      "Upper 2.5 percentile": [
        113.88982,
        115.22133,
        83.98469,
        118.06671,
        103.97352
      ],
      "Mean": [
        23.29455,
        21.65662,
        19.92164,
        23.89591,
        25.67076
      ],
      "Median": [
        2.17534,
        13.4,
        11.40201,
        15.02739,
        14.67196
      ],
      "SE": [
        4.48567,
        3.3966,
        2.42409,
        2.91756,
        2.07432
      ],
      "Lower 2.5 percentile": [
        0.0,
        0.0,
        0.0,
        0.0,
        0.0
      ]
    },
    "fruit": {
      "Upper 2.5 percentile": [
        338.50639,
        437.89117,
        334.52821,
        385.87111,
        382.14723
      ],
      "Mean": [
        77.85912,
        95.44593,
        92.11676,
        107.72741,
        107.89803
      ],
      "Median": [
        28.6717,
        66.33233,
        72.47497,
        72.61585,
        79.02285
      ],
      "SE": [
        14.91533,
        12.98809,
        9.40762,
        8.93442,
        7.72045
      ],
      "Lower 2.5 percentile": [
        0.0,
        0.0,
        0.00356,
        0.0,
        0.0
      ]
    },
    "meat": {
      "Upper 2.5 percentile": [
        258.59557,
        300.43034,
        263.98075,
        273.95878,
        260.27834
      ],
      "Mean": [
        127.06986,
        131.83633,
        126.78557,
        131.70722,
        125.62462
      ],
      "Median": [
        121.27557,
        118.07143,
        124.16354,
        126.01192,
        120.85075
      ],
      "SE": [
        9.4161,
        11.64735,
        5.71993,
        4.73613,
        4.96005
      ],
      "Lower 2.5 percentile": [
        0.0,
        0.0,
        3.22934,
        6.55122,
        0.0
      ]
    }
  },
  "total": {
    "vegetables": {
      "Upper 2.5 percentile": [
        430.69354,
        423.44913,
        360.79575,
        481.29258,
        449.03658,
        426.33006,
        304.44859,
        441.17533,
        430.0666,
        470.99597
      ],
      "Mean": [
        162.27951,
        170.2089,
        165.22481,
        194.94672,
        203.5966,
        162.60596,
        152.30785,
        186.55198,
        199.8521,
        206.61432
      ],
      "Median": [
        141.97455,
        161.71914,
        153.6905,
        177.63309,
        171.36988,
        145.92044,
        152.82099,
        168.52897,
        184.00018,
        192.73711
      ],
      "SE": [
        13.75409,
        10.91827,
        8.36063,
        10.02962,
        8.37625,
        9.83507,
        6.06615,
        10.79741,
        8.03388,
        8.47526
      ],
      "Lower 2.5 percentile": [
        10.07855,
        5.98543,
        26.18297,
        44.19331,
        40.18043,
        21.90124,
        13.7894,
        20.80477,
        49.34983,
        36.66147
      ]
    },
    "alcohol": {
      "Upper 2.5 percentile": [
        162.38255,
        59.93059,
        68.75,
        89.17599,
        96.91417,
        39.71961,
        42.49748,
        42.75607,
        68.46405,
        56.10962
      ],
      "Mean": [
        22.34927,
        9.73209,
        17.14376,
        18.60421,
        24.98266,
        6.00963,
        7.80307,
        9.72166,
        11.71944,
        14.34464
      ],
      "Median": [
        4.51336,
        0.0,
        9.69626,
        10.92643,
        17.38332,
        0.0,
        0.0,
        2.95274,
        4.60195,
        9.0
      ],
      "SE": [
        3.94074,
        1.61468,
        2.07146,
        2.17936,
        2.34106,
        1.10467,
        1.01294,
        1.16178,
        1.63727,
        1.32533
      ],
      "Lower 2.5 percentile": [
        0.0,
        0.0,
        0.0,
        0.0,
        0.0,
        0.0,
        0.0,
        0.0,
        0.0,
        0.0
      ]
    },
    "fish": {
      "Upper 2.5 percentile": [
        113.88982,
        115.22133,
        83.98469,
        118.06671,
        103.97352,
        78.28129,
        65.1612,
        92.06838,
        91.18083,
        100.72247
      ],
      "Mean": [
        23.29455,
        21.65662,
        19.92164,
        23.89591,
        25.67076,
        14.81888,
        16.03452,
        19.91452,
        26.3036,
        27.8097
      ],
      "Median": [
        2.17534,
        13.4,
        11.40201,
        15.02739,
        14.67196,
        0.1378,
        10.70295,
        13.11279,
        19.02803,
        21.41351
      ],
      "SE": [
        4.48567,
        3.3966,
        2.42409,
        2.91756,
        2.07432,
        1.95434,
        1.69818,
        2.69413,
        2.153,
        2.28485
      ],
      "Lower 2.5 percentile": [
        0.0,
        0.0,
        0.0,
        0.0,
        0.0,
        0.0,
        0.0,
        0.0,
        0.0,
        0.0
      ]
    },
    "fruit": {
      "Upper 2.5 percentile": [
        338.50639,
        437.89117,
        334.52821,
        385.87111,
        382.14723,
        282.81211,
        263.98867,
        316.8691,
        391.23759,
        430.27623
      ],
      "Mean": [
        77.85912,
        95.44593,
        92.11676,
        107.72741,
        107.89803,
        69.61041,
        77.95424,
        98.09114,
        118.84213,
        134.94554
      ],
      "Median": [
        28.6717,
        66.33233,
        72.47497,
        72.61585,
        79.02285,
        51.1033,
        49.62325,
        79.53115,
        96.30283,
        99.61276
      ],
      "SE": [
        14.91533,
        12.98809,
        9.40762,
        8.93442,
        7.72045,
        5.84628,
        6.84922,
        6.97953,
        7.64696,
        9.03435
      ],
      "Lower 2.5 percentile": [
        0.0,
        0.0,
        0.00356,
        0.0,
        0.0,
        0.0,
        0.0,
        0.0,
        0.0,
        3.85838
      ]
    },
    "meat": {
      "Upper 2.5 percentile": [
        258.59557,
        300.43034,
        263.98075,
        273.95878,
        260.27834,
        196.76067,
        202.76015,
        203.14605,
        199.65749,
        201.2295
      ],
      "Mean": [
        127.06986,
        131.83633,
        126.78557,
        131.70722,
        125.62462,
        86.61175,
        89.79335,
        88.64295,
        88.45257,
        90.50366
      ],
      "Median": [
        121.27557,
        118.07143,
        124.16354,
        126.01192,
        120.85075,
        80.29774,
        88.34251,
        91.59886,
        81.07268,
        91.62785
      ],